Coord.,Distance,Num_brick_wall,Num_wood_wall,Num_glass_wall,Num_drywall,Num_column,P_rx (dBm),Comments
A-1,15.85800192,3,0,0,0,0,-84,
B-1,15.04912705,2,0,0,0,0,-99,
C-1,14.26450928,2,0,0,0,0,-89,
D-1,13.50837611,2,1,0,0,0,-85,
E-1,12.78578214,3,0,0,0,0,-87,
F-1,12.10273626,3,1,0,0,0,-83,
G-1,11.46630826,,,,,0,NP,
H-1,10.88467845,2,1,0,0,0,-74,
I-1,10.36707408,2,0,0,0,0,-76,
J-1,9.923518781,,,,,0,NP,
K-1,9.564320415,1,0,0,0,0,-72,
L-1,9.299259379,1,0,0,0,0,-69,
M-1,9.136532439,1,0,0,0,0,-63,
N-1,9.081642197,1,0,0,0,0,-75,
A-2,15.31261653,3,0,0,0,0,-94,
B-2,14.47329351,3,0,0,0,0,-92,
C-2,13.65562979,2,0,0,0,0,-82,
D-2,12.86375626,2,1,0,0,0,-92,
E-2,12.10273626,2,1,0,0,0,-79,
F-2,11.37876202,2,0,0,0,0,-81,
G-2,10.69935629,,,,,0,NP,
H-2,10.07354084,2,1,0,0,0,-76,
I-2,9.511899127,2,0,0,0,0,-83,
J-2,9.026418171,,,,,0,NP,
K-2,8.629960892,1,0,0,0,0,-78,
L-2,8.335239949,1,0,0,0,0,-73,
M-2,8.153295346,1,0,0,0,0,-60,
N-2,8.09173807,1,0,0,0,0,-77,
A-3,14.81473,1,1,1,1,0,-88,
B-3,13.94547328,1,1,0,1,0,-88,
C-3,13.09489309,2,0,0,1,0,-87,
D-3,12.26687511,2,0,0,1,0,-86,
E-3,11.46630826,2,0,0,0,0,-86,
F-3,10.69935629,1,0,0,0,0,-74,
G-3,9.973776867,,,,,0,NP,
H-3,9.299259379,2,0,0,0,0,-80,
I-3,8.687705393,2,0,0,0,0,-69,
J-3,8.153295346,,,,,0,NP,
K-3,7.712083052,1,0,0,0,0,-70,
L-3,7.380801108,1,0,0,0,0,-63,
M-3,7.174693373,1,0,0,0,0,-58,
N-3,7.104662202,1,0,0,0,0,-59,
A-4,14.3692806,2,0,1,1,0,-92,
B-4,13.47131118,2,0,1,1,0,-93,
C-4,12.58873405,1,1,1,1,0,-86,
D-4,11.72502559,1,1,1,1,0,-87,
E-4,10.88467845,2,0,0,1,0,-85,
F-4,10.07354084,1,0,0,0,0,-72,
G-4,9.299259379,1,0,0,0,0,-66,
H-4,8.571827401,1,1,0,0,0,-72,
I-4,7.904190344,2,0,0,0,0,-72,
J-4,7.312744013,,,,,0,NP,
K-4,6.817347358,1,0,0,0,0,-78,
L-4,6.440203801,1,0,0,0,0,-63,
M-4,6.202920683,1,0,0,0,0,-59,
N-4,6.121782829,1,0,0,0,0,-64,
A-5,13.98128124,2,0,1,1,0,-102,
B-5,13.05665443,2,0,1,1,0,-90,
C-5,12.14397896,2,0,1,1,0,-91,
D-5,11.2461649,2,0,1,1,0,-88,
E-5,10.36707408,1,1,1,1,0,-76,
F-5,9.511899127,1,0,0,1,0,-76,
G-5,8.687705393,1,0,0,1,0,-68,
H-5,7.904190344,1,0,0,0,0,-70,
I-5,7.174693373,2,0,0,1,0,-75,
J-5,6.517378691,,,,,0,NP,
K-5,5.956192156,1,0,0,0,0,-73,
L-5,5.520527602,1,0,0,0,0,-72,
M-5,5.241776893,1,0,0,0,0,-67,
N-5,5.14550532,1,0,0,0,0,-59,
A-6,13.65562979,1,0,1,2,0,-96,
B-6,12.70732958,0,1,1,2,0,-86,
C-6,11.76759215,1,0,2,1,0,-85,
D-6,10.83864498,2,0,1,1,0,-84,
E-6,9.923518781,2,0,1,1,0,-83,
F-6,9.026418171,0,0,1,1,0,-86,
G-6,8.153295346,0,0,1,1,0,-77,
H-6,7.312744013,1,0,0,1,0,-70,
I-6,6.517378691,1,0,0,0,0,-68,
J-6,5.78586424,,,,,0,NP,
K-6,5.14550532,1,0,0,0,0,-63,
L-6,4.634244814,1,0,0,0,0,-60,
M-6,4.298397957,1,0,0,0,0,-59,
N-6,4.180457511,1,0,0,0,0,-62,
A-7,13.3968737,1,1,1,1,0,-96,
B-7,12.42884649,1,1,1,1,0,-97,
C-7,11.46630826,1,0,1,2,0,-81,
D-7,10.5107671,1,0,1,2,0,-82,
E-7,9.564320415,0,0,1,2,0,-84,
F-7,8.629960892,,,,,0,NP,
G-7,7.712083052,,,,,0,NP,
H-7,6.817347358,0,0,1,1,0,-73,
I-7,5.956192156,0,0,1,1,0,-69,
J-7,5.14550532,,,,,0,NP,
K-7,4.413187623,1,0,0,0,0,-70,
L-7,3.804763462,1,0,0,0,0,-73,
M-7,3.387657745,1,0,0,0,0,-70,
N-7,3.236699708,1,0,0,0,0,-59,
A-8,13.20894489,,,,,0,NP,
B-8,12.22604699,,,,,0,NP,
C-8,11.2461649,,,,,0,NP,
D-8,10.27016188,0,1,1,2,0,-70,
E-8,9.299259379,0,1,1,1,0,-72,
F-8,8.335239949,0,0,1,2,0,-78,
G-8,7.380801108,0,0,1,2,0,-80,
H-8,6.440203801,0,0,1,2,0,-70,
I-8,5.520527602,0,0,1,1,0,-66,
J-8,4.634244814,0,0,1,1,0,-76,
K-8,3.804763462,0,0,1,0,0,-73,
L-8,3.078347771,0,0,0,0,0,-63,
M-8,2.544842824,0,0,0,0,0,-66,
N-8,2.340133543,0,0,0,0,0,-56,
A-9,13.09489309,,,,,0,NP,
B-9,12.10273626,,,,,0,NP,
C-9,11.11198565,,,,,0,NP,
D-9,10.12305413,0,0,1,3,0,-82,
E-9,9.136532439,0,1,1,2,0,-83,
F-9,8.153295346,,,,,0,NP,
G-9,7.174693373,0,1,1,1,0,-74,
H-9,6.202920683,,,,,0,NP,
I-9,5.241776893,,,,,0,NP,
J-9,4.298397957,,,,,0,NP,
K-9,3.387657745,,,,,0,NP,
L-9,2.544842824,0,0,0,0,0,-64,
M-9,1.86446373,0,0,0,0,0,-58,
N-9,1.573602555,0,0,0,0,0,-55,
A-10,13.05665443,,,,,0,NP,
B-10,12.06135254,,,,,0,NP,
C-10,11.06689771,,,,,0,NP,
D-10,10.07354084,0,0,1,3,0,-96,
E-10,9.081642197,0,0,1,3,0,-81,
F-10,8.09173807,,,,,0,NP,
G-10,7.104662202,,,,,0,NP,
H-10,6.121782829,,,,,0,NP,
I-10,5.14550532,,,,,0,NP,
J-10,4.180457511,,,,,0,NP,
K-10,3.236699708,,,,,0,NP,
L-10,2.340133543,0,0,0,0,0,-63,
M-10,1.573602555,0,0,0,0,0,-60,
N-10,,,,,,,NP,
